Predictors;Equations;Method;Criterion;Correlation;Pm
;;KNeighborsRegressor;0.1996436245320967;0.9798685744443931;100.0
S_2802, H_2802, X2, X3, Xs, L_2802; - 58.01 + 1.038*S_2802 + 0.374*H_2802 + 0.452*X2 + 0.342*X3 + 0.444*Xs + 1.42*L_2802;Lars6;0.5612585677516003;0.8276405138255511;73.33333333333333
