Predictors;Equations;Method;Criterion;Correlation;Pm
S_2802, H_2802, X2, X3, Xs;24.26 + 1.82*S_2802 + 0.15*H_2802 + 1.3*X2 + 0.36*X3 + 0.48*Xs;LinearRegression;0.631145194281616;0.7756647108997684;70.27027027
S_2802, H_2802, X2, X3, Xs;31.21 + 1.78*S_2802 + 0.14*H_2802 + 1.23*X2 + 0.35*X3 + 0.47*Xs;Ridge_GridSearchCV;0.6316116666260617;0.7752849170349239;72.97297297
S_2802;197.05 + 1.33*S_2802;Lasso_GridSearchCV;0.762284320915262;0.6472423148147515;62.16216216
