Predictors;Equations;Method;Criterion;Correlation;Pm;R2
;;KNeighborsRegressor;0.371996677807711;0.9282340608381197;91.8918918918919;0.861618471700026
S_2802, H_2802, X2, X3, Xs;31.83 + 1.9*S_2802 + 0.131*H_2802 + 1.187*X2 + 0.365*X3 + 0.424*Xs;LinearRegression;0.6897815877855573;0.7240175143959127;75.67567567567568;0.5242013611520354
S_2802, H_2802, X2, X3, Xs;31.834 + 1.9*S_2802 + 0.131*H_2802 + 1.187*X2 + 0.365*X3 + 0.424*Xs;RidgeCV;0.6897818755087697;0.7240172402778846;75.67567567567568;0.5242009642196042
S_2802, H_2802, X2, X3, Xs;32.153 + 1.898*S_2802 + 0.131*H_2802 + 1.184*X2 + 0.364*X3 + 0.424*Xs;Ridge;0.6898106849855157;0.7239897919721062;75.67567567567568;0.5241612188798137
;;MLPRegressor;0.6982154481692642;0.7158876922658983;75.67567567567568;0.5124951879377936
;;NuSVR;0.7001460241905313;0.713999681239559;72.97297297297297;0.5097955448101921
;;SVR;0.7014602362993031;0.712708591845872;72.97297297297297;0.5079535368909259
S_2802;193.058 + 1.443*S_2802;LassoCV;0.7517290336478277;0.6594721070454027;64.86486486486487;0.43490345997090296
S_2802;193.298 + 1.436*S_2802;LassoLarsCV;0.7522661909208663;0.6588593006078086;64.86486486486487;0.4340955779974105
