Predictors;Equations;Method;Criterion;Correlation;Pm
S_2802, H, X2, Xs; - 14.22 + 1.54*S_2802 + 1.03*H + 1.45*X2 + 0.36*Xs;LinearRegression;0.5701950192284249;0.8215093669868264;78.37837838
S_2802, H, X2, X3, Xs; - 6.98 + 1.52*S_2802 + 0.99*H + 1.36*X2 + 0.01*X3 + 0.35*Xs;Ridge_GridSearchCV;0.5707650572203038;0.8211134205798266;78.37837838
S_2802, H, X2;105.24 + 1.39*S_2802 + 0.64*H + 0.38*X2;Lasso_GridSearchCV;0.6484971796211983;0.7612170571022113;75.67567568
