Predictors;Equations;Method;Criterion;Correlation;Pm
S_2802, Smax, H_2802, X, X1, X2, X3, Xs, L_max, L_2802, Q12, Q01, Q02, Y_sum;70.595 + 0.509*S_2802 + 0.381*Smax + 0.343*H_2802 - 0.723*X - 0.839*X1 + 1.429*X2 - 0.027*X3 + 1.039*Xs - 0.365*L_max + 0.652*L_2802 + 0.535*Q12 + 0.484*Q01 - 0.995*Q02 + 0.241*Y_sum;Ridge;0.8655798430201881;0.5007709410071102;56.666666666666664
S_2802, Smax, H_2802, X, X1, X2, X3, Xs, L_max, L_2802, Q12, Q01, Q02, Y_sum;89.534 + 0.717*S_2802 + 0.117*Smax + 0.442*H_2802 - 2.242*X - 2.414*X1 + 3.096*X2 - 0.129*X3 + 2.611*Xs - 0.428*L_max + 0.601*L_2802 + 466.361*Q12 + 466.324*Q01 + 418.755*Q02 - 213.769*Y_sum;LinearRegression;2.101410078782688;0;23.333333333333332
