Predictors;Equations;Method;Criterion;Correlation;Pm
;;AdaBoostRegressor;0.560409609334073;0.8282155937713511;76.66666666666667
;;ExtraTreesRegressor;0.5723791156296043;0.8199891145564507;80.0
;;StackingRegressorRidge;0.5929523346498772;0.8052375604958204;80.0
;;BaggingRegressor;0.6232927163311753;0.7819886123010392;80.0
;;KNeighborsRegressor;0.6324227435234198;0.7746234397914323;63.33333333333333
;;VotingRegressor;0.662622961503607;0.74895314331952;63.33333333333333
;;HistGradientBoostingRegressor;0.7436734749140552;0.6685430148533856;53.333333333333336
;;RandomForestRegressor;0.7493395378148878;0.6621859686427751;56.666666666666664
