Predictors;Equations;Method;Criterion;Correlation;Pm
;;KNeighborsRegressor;0.5252268427671318;0.8509622574690786;80.0
S_2802, H_2802, X, X2, X3, L_2802;161.43 + 0.527*S_2802 + 0.048*H_2802 + 0.284*X + 0.168*X2 + 0.055*X3 + 0.103*L_2802;Lars6;0.705454459007301;0.70875525131509;56.666666666666664
