Predictors;Equations;Method;Criterion;Correlation;Pm
;;OMP7;0.5811166034823263;0.8138203076583704;73.33333333333333
