Predictors;Equations;Method;Criterion;Correlation;Pm
;;KNeighborsRegressor;0.4651422201700912;0.8852359657262229;96.66666666666667
;;OMP7;0.6100878688897472;0.792333763153866;70.0
