Predictors;Equations;Method;Criterion;Correlation;Pm
S_2802, Smax, H_2802, X, X1, X2, L_2802, Y_sum;42.828 + 0.576*S_2802 + 0.314*Smax + 0.434*H_2802 + 0.274*X + 0.151*X1 + 0.42*X2 + 0.436*L_2802 + 0.289*Y_sum;OMP8;0.576957221451319;0.8167743657921529;73.33333333333333
S_2802, Smax, H_2802, X, X2, X3, Xs, L_2802;83.588 + 0.561*S_2802 + 0.196*Smax + 0.339*H_2802 + 0.155*X + 0.497*X2 + 0.02*X3 + 0.139*Xs + 0.322*L_2802;Lars8;0.5774124136880454;0.8164526345838719;70.0
S_2802, Smax, H_2802, X, X1, X2, L_2802;50.891 + 0.573*S_2802 + 0.289*Smax + 0.475*H_2802 + 0.284*X + 0.174*X1 + 0.447*X2 + 0.421*L_2802;OMP7;0.5967001946387702;0.8024642532337835;73.33333333333333
S_2802, H_2802, X, X1, X2, L_2802;61.277 + 0.761*S_2802 + 0.455*H_2802 + 0.339*X + 0.18*X1 + 0.418*X2 + 0.376*L_2802;OMP6;0.6263236248125628;0.779563157801632;76.66666666666667
S_2802, H_2802, X, X1, L_2802;58.79 + 0.74*S_2802 + 0.428*H_2802 + 0.488*X + 0.279*X1 + 0.384*L_2802;OMP5;0.6296385163161846;0.776888240850094;76.66666666666667
S_2802, H_2802, X, X2, X3, Xs, L_2802;156.538 + 0.539*S_2802 + 0.067*H_2802 + 0.278*X + 0.19*X2 + 0.051*X3 + 0.01*Xs + 0.117*L_2802;Lars7;0.6960366018752705;0.7180063013998736;56.666666666666664
S_2802, H_2802, X, X2, X3, L_2802;161.43 + 0.527*S_2802 + 0.048*H_2802 + 0.284*X + 0.168*X2 + 0.055*X3 + 0.103*L_2802;Lars6;0.7054544590073007;0.7087552513150902;56.666666666666664
S_2802, X, X2, X3, L_2802;171.223 + 0.504*S_2802 + 0.29*X + 0.127*X2 + 0.059*X3 + 0.078*L_2802;Lars5;0.7197415148163923;0.6942421420871864;56.666666666666664
