Predictors;Equations;Method;Criterion;Correlation;Pm
S_2802, Smax, H_2802, X, X1, X2, L_2802;53.64 + 0.486*S_2802 + 0.432*Smax + 0.442*H_2802 + 0.291*X + 0.225*X1 + 0.327*X2 + 0.424*L_2802;OMP7;0.5914221730961958;0.8063620856477401;63.33333333333333
