Predictors;Equations;Method;Criterion;Correlation;Pm
S_2802, H_2802, X2, X3, Xs;289.595 + 50.841*S_2802 + 6.46*H_2802 + 22.909*X2 + 12.1*X3 + 10.358*Xs;PLSRegression2;0.6500335253386221;0.7599055309285773;70.27027027027027
S_2802, H_2802, X2, X3, Xs;289.595 + 51.458*S_2802 + 6.505*H_2802 + 22.398*X2 + 10.783*X3 + 10.422*Xs;PLSRegression3;0.6500597225462273;0.7598831206989151;75.67567567567568
S_2802, H_2802, X2, X3, Xs;289.595 + 51.425*S_2802 + 6.788*H_2802 + 22.33*X2 + 10.729*X3 + 10.64*Xs;PLSRegression4;0.6500786104600177;0.7598669621863899;72.97297297297297
S_2802, H_2802, X2, X3, Xs;89.0 + 1.448*S_2802 + 0.204*H_2802 + 0.959*X2 + 0.233*X3 + 0.303*Xs;LinearRegression;0.6500881518283662;0.7598587992860114;72.97297297297297
S_2802, H_2802, X2, X3, Xs;289.595 + 51.411*S_2802 + 6.79*H_2802 + 22.367*X2 + 10.707*X3 + 10.653*Xs;PLSRegression5;0.6500881518283662;0.7598587992860114;72.97297297297297
