Predictors;Equations;Method;Criterion;Correlation;Pm
S_2802, H_2802, X2, X3, Xs;89.0 + 1.45*S_2802 + 0.2*H_2802 + 0.96*X2 + 0.23*X3 + 0.3*Xs;LinearRegression;0.6500881518283662;0.7598587992860114;72.97297297
S_2802, H_2802, X2, X3, Xs;94.23 + 1.42*S_2802 + 0.19*H_2802 + 0.91*X2 + 0.23*X3 + 0.3*Xs;Ridge_GridSearchCV;0.6503496712758432;0.7596349814689964;72.97297297
S_2802, X2, X3, Xs;201.65 + 1.21*S_2802 + 0.36*X2 + 0.14*X3 + 0.04*Xs;Lasso_GridSearchCV;0.6837875128395788;0.7296811887973149;75.67567568
