Predictors;Equations;Method;Criterion;Correlation;Pm
Smax, H, X1, X3;80.37 + 1.99*Smax + 0.36*H + 0.34*X1 + 0.3*X3;Lasso;0.6767458726596159;0.7362166962506181;80.0
Smax, H, X, X1, X3;52.27 + 2.0*Smax + 0.41*H + 0.06*X + 0.52*X1 + 0.37*X3;RidgeCV;0.6769554855466201;0.7360239606074926;80.0
Smax, H, X, X1, X3;52.27 + 2.0*Smax + 0.41*H + 0.06*X + 0.52*X1 + 0.37*X3;Ridge_GridSearchCV;0.676955485546621;0.7360239606074918;80.0
