Predictors;Equations;Method;Criterion;Correlation;Pm
Smax, H_2802, X, X1, X3;121.32 + 2.3*Smax - 0.16*H_2802 - 0.09*X + 0.51*X1 + 0.41*X3;Ridge_GridSearchCV;0.6806097839892367;0.7326461096178185;81.08108108
Smax, H_2802, X, X1, X3;116.78 + 2.39*Smax - 0.17*H_2802 - 0.11*X + 0.54*X1 + 0.42*X3;LinearRegression;0.6807278937038765;0.7325363709287641;81.08108108
Smax, X3;191.72 + 1.61*Smax + 0.03*X3;Lasso_GridSearchCV;0.7348765776138129;0.6782008667604382;72.97297297
