Predictors;Equations;Method;Criterion;Correlation;Pm
S_2802, H_2802, X, X2, X3;120.937 + 1.28*S_2802 + 0.135*H_2802 + 0.28*X + 0.391*X2 + 0.321*X3;Lars5;0.6336247831167325;0.7736405070963346;75.67567567567568
S_2802, H_2802, X, X1, X3;39.638 + 1.448*S_2802 + 0.325*H_2802 + 0.622*X + 0.532*X1 + 0.283*X3;OMP5;0.646001914850905;0.7633357885026512;72.97297297297297
S_2802, X, X2, X3;161.541 + 1.201*S_2802 + 0.234*X + 0.203*X2 + 0.32*X3;Lars4;0.6483826097628842;0.7613146467506529;75.67567567567568
S_2802, X, X1, X3;97.123 + 1.454*S_2802 + 0.54*X + 0.577*X1 + 0.357*X3;OMP4;0.6674398428089938;0.7446637202329018;72.97297297297297
S_2802, Smax, H_2802, X, X1, X2, X3, Xs;15.615 + 1.621*S_2802 - 0.23*Smax + 0.435*H_2802 + 1.354*X + 1.193*X1 + 0.057*X2 + 0.271*X3 - 0.859*Xs;LinearRegression;0.7473683129214768;0.6644099674454814;54.054054054054056
