Predictors;Equations;Method;Criterion;Correlation;Pm
S_2802, X, X2, X3;136.409 + 1.42*S_2802 + 0.249*X + 0.731*X2 + 0.295*X3;OMP4;0.5265295857156279;0.8501568063399418;100.0
S_2802, H_2802, X, X2, X3;68.866 + 1.42*S_2802 + 0.359*H_2802 + 0.361*X + 0.729*X2 + 0.21*X3;OMP5;0.6127000099318489;0.7903155685101441;100.0
S_2802, H_2802, X, X2, X3;133.378 + 1.324*S_2802 + 0.163*H_2802 + 0.281*X + 0.431*X2 + 0.181*X3;Lars5;0.6357426364255081;0.7719010948500749;100.0
S_2802, X, X2, X3;187.286 + 1.243*S_2802 + 0.213*X + 0.181*X2 + 0.156*X3;Lars4;0.655024736072866;0.7556074345403652;100.0
S_2802, Smax, H_2802, X, X1, X2, X3, Xs;38.366 + 1.469*S_2802 - 0.039*Smax + 0.401*H_2802 + 1.417*X + 1.238*X1 - 0.065*X2 + 0.178*X3 - 0.958*Xs;LinearRegression;0.7631094265941015;0.6462692960703159;0.0
