Dataset_name;Group;Method;Criterion;Correlation;Pm;R2;Criterion_t;Correlation_t;Pm_t;R2_t;Augmentation;Aug-Mirror;Data size;X_scaling;Y_scaling;Shuffle;Equation;Predictors
Вилия-Михалишки;0;StackingRegressorRidge;0.45492876051971437;0.890527833844623;90.0;0.7930398228519964;0.49152740920692467;0.8708621050420833;86.0;0.7584008059983285;Spline 2;;1005;;;Yes;;
Вилия-Михалишки;0;AdaBoostRegressor;0.4695866266206096;0.8828864027150244;83.33333333333334;0.7794884000990762;0.6748649275537404;0.7379412778520285;80.0;0.5445573295578849;Spline 2;;1005;;;Yes;;
Вилия-Михалишки;0;ExtraTreesRegressor;0.48357696093847496;0.8753018467074708;86.66666666666667;0.7661533228495087;0.5189256998329665;0.8548193481975392;85.0;0.730716118052866;Spline 2;;1005;;;Yes;;
Вилия-Михалишки;0;BaggingRegressor;0.5078970072883319;0.8614178022234948;86.66666666666667;0.7420406299875562;0.5527165663296844;0.8333693042731557;83.0;0.6945043973047238;Spline 2;;1005;;;Yes;;
Вилия-Михалишки;0;VotingRegressor;0.5336228565515039;0.8457225590971387;83.33333333333334;0.7152466469658132;0.5871761926277487;0.8094591520337397;82.0;0.6552241188111811;Spline 2;;1005;;;Yes;;
Вилия-Михалишки;0;HistGradientBoostingRegressor;0.6004515240476931;0.7996611577842222;80.0;0.6394579672688028;0.6182310792680918;0.7859963947926291;77.0;0.6177903326270104;Spline 2;;1005;;;Yes;;
Вилия-Михалишки;0;RandomForestRegressor;0.662992571684185;0.7486259746305832;73.33333333333333;0.5604408498915909;0.7058491955718869;0.7083621341591603;67.0;0.5017769131105203;Spline 2;;1005;;;Yes;;
