Predictors;Equations;Method;Criterion;Correlation;Pm
Smax, H_2802, X, X1, X3;289.595 + 42.35*Smax + 9.626*H_2802 + 19.235*X + 6.642*X1 + 17.014*X3;PLSRegression2;0.6998388014728754;0.7143008133503764;70.27027027027027
Smax, H_2802, X, X1, X3;289.595 + 45.369*Smax + 4.689*H_2802 + 21.935*X + 15.551*X1 + 12.913*X3;PLSRegression3;0.7098044270938009;0.7043988041429664;72.97297297297297
Smax, H_2802, X, X1, X3;289.595 + 44.261*Smax + 3.895*H_2802 + 23.515*X + 16.614*X1 + 14.357*X3;PLSRegression4;0.7123254339735597;0.7018493257917826;67.56756756756756
Smax, H_2802, X, X1, X3;67.036 + 1.337*Smax + 0.132*H_2802 + 0.516*X + 0.509*X1 + 0.306*X3;LinearRegression;0.7127054700060216;0.7014634081856985;72.97297297297297
Smax, H_2802, X, X1, X3;289.595 + 43.996*Smax + 4.4*H_2802 + 24.1*X + 16.729*X1 + 14.053*X3;PLSRegression5;0.7127054700060217;0.7014634081856984;72.97297297297297
