Predictors;Equations;Method;Criterion;Correlation;Pm
Smax, H_2802, X, X1, X3;115.63 + 1.25*Smax + 0.04*H_2802 + 0.38*X + 0.31*X1 + 0.28*X3;Lasso_GridSearchCV;0.7054559275202077;0.7087537896382661;72.97297297
Smax, H_2802, X, X1, X3;71.39 + 1.3*Smax + 0.14*H_2802 + 0.51*X + 0.48*X1 + 0.3*X3;Ridge_GridSearchCV;0.7100201017243435;0.7041814078398781;70.27027027
Smax, H_2802, X, X1, X3;67.04 + 1.34*Smax + 0.13*H_2802 + 0.52*X + 0.51*X1 + 0.31*X3;LinearRegression;0.7127054700060216;0.7014634081856985;72.97297297
