Predictors;Equations;Method;Criterion;Correlation;Pm
Smax, H, X, X1, X3;55.16 + 1.11*Smax + 0.46*H + 0.46*X + 0.27*X1 + 0.21*X3;Lasso;0.6650300155549124;0.7468166297097522;67.56756757
Smax, H, X, X1, X3;19.87 + 1.17*Smax + 0.51*H + 0.57*X + 0.45*X1 + 0.24*X3;Ridge_GridSearchCV;0.671273785478853;0.74120948788375;64.86486486
Smax, H, X, X1, X3;19.87 + 1.17*Smax + 0.51*H + 0.57*X + 0.45*X1 + 0.24*X3;RidgeCV;0.6712737854788597;0.7412094878837439;64.86486486
