Predictors;Equations;Method;Criterion;Correlation;Pm;R2;Criterion_t;Correlation_t;Pm_t;R2_t;Criterion_f;Correlation_f;Pm_f;R2_f
;;KNeighborsRegressor;0.3671069585307082;0.9301787360493321;90.0;0.8652324880384343;0.3509523883631129;0.9363933047081375;93.0;0.8768324211022268;0.29049245789417266;0.9568772815291428;97.0;0.9156141319066023
;;AdaBoostRegressor;0.4006481182231699;0.9162320041148054;90.0;0.8394810937495578;0.36914919951947556;0.9293701461173209;95.0;0.8637288684941304;0.36074084918705634;0.9326660923008843;97.0;0.8698660397278015
;;BaggingRegressor;0.48275417502783385;0.8757559057712346;83.33333333333334;0.7669484186675448;0.49469197164166756;0.8690683823458771;84.0;0.7552798531932796;0.477688720717154;0.8785291606427238;84.0;0.7718134860996089
;;ExtraTreesRegressor;0.5012297373808994;0.8653142494868986;86.66666666666667;0.7487687634891085;0.5146819305453941;0.8573811931516029;83.0;0.7351025103700661;0.5015280232052007;0.8651413999687471;83.0;0.7484696419398837
;;VotingRegressor;0.5045048684274828;0.8634088473793677;83.33333333333334;0.7454748510290723;0.5358921434597476;0.8442864505475125;82.0;0.7128196105781175;0.5358015035332447;0.8443439754102082;82.0;0.7129167488115143
;;StackingRegressorRidge;0.5050760925516992;0.8630748175753405;86.66666666666667;0.7448981540589374;0.5022248438208131;0.8647370734790777;82.0;0.7477702062491598;0.5808111000602045;0.8140383689033676;77.0;0.6626584660468552
;;HistGradientBoostingRegressor;0.5888032097240369;0.8082764256234818;83.33333333333334;0.6533107983293209;0.5841176187401944;0.8116690258210454;76.0;0.6588066074772849;0.6708063308063119;0.7416325684260184;72.0;0.5500188665501728
;;RandomForestRegressor;0.5910077195104348;0.8066659007786775;80.0;0.6507098937255927;0.6909322601363304;0.7229195058254427;71.0;0.5226126119029023;0.6843369056971066;0.7291659615621874;75.0;0.5316829995009096
