Predictors;Equations;Method;Criterion;Correlation;Pm;R2;Criterion_t;Correlation_t;Pm_t;R2_t;Criterion_f;Correlation_f;Pm_f;R2_f
;;ARDRegression;1.7339971325033532;0;33.33333333333333;-2.00674605552985;1.4761944515963121;0;30.0;-1.1791500589237365;1.5366430824103439;0;30.0;-1.3612719627195626
