Predictors;Equations;Method;Criterion;Correlation;Pm;R2;Criterion_t;Correlation_t;Pm_t;R2_t;Criterion_f;Correlation_f;Pm_f;R2_f
;;OMP7;0.3887653910613289;0.9213367846303175;90.0;0.8488614707129319;0.4200786808825576;0.907487686896065;90.0;0.8235339018679704;0.4173887838606011;0.9087280138233708;90.0;0.8257866031073685
