Predictors;Equations;Method;Criterion;Correlation;Pm;R2;Criterion_t;Correlation_t;Pm_t;R2_t;Criterion_f;Correlation_f;Pm_f;R2_f
;;KNeighborsRegressor;0.382009591226308;0.9241583588385213;89.1891891891892;0.854068672211109;0.34597455703406;0.9382438946697633;93.0;0.8803016058850859;0.321294671753518;0.9469792679371598;95.0;0.8967697339027991
S_2802, H_2802, X2, X3, Xs;26.325 + 1.888*S_2802 + 0.158*H_2802 + 1.289*X2 + 0.387*X3 + 0.38*Xs;Lars6;0.6904694541026146;0.7233615506447916;72.97297297297297;0.5232519329512373;0.6145671987601788;0.7888644739168236;79.0;0.6223071582080668;0.6066223775185594;0.7949901201233449;80.0;0.6320092910937303
