Predictors;Equations;Method;Criterion;Correlation;Pm
S_2802, H, X2, X3, Xs;83.42 + 0.52*S_2802 + 0.28*H + 0.77*X2 + 0.19*X3 + 0.15*Xs;LinearRegression;0.5401289215269873;0.8415822883890164;81.08108108
S_2802, H, X2, X3, Xs;87.17 + 0.51*S_2802 + 0.26*H + 0.73*X2 + 0.19*X3 + 0.15*Xs;Ridge_GridSearchCV;0.5408314421682455;0.8411309952452208;81.08108108
S_2802, H, X2, X3, Xs;103.3 + 0.49*S_2802 + 0.2*H + 0.64*X2 + 0.17*X3 + 0.11*Xs;Lasso_GridSearchCV;0.5510239945750925;0.8344893992151778;83.78378378
