Predictors;Equations;Method;Criterion;Correlation;Pm
S_2802, H_2802, X2, X3, Xs;88.65 + 0.56*S_2802 + 0.14*H_2802 + 0.74*X2 + 0.22*X3 + 0.15*Xs;LinearRegression;0.5638899757067187;0.8258499229869045;81.08108108
S_2802, H_2802, X2, X3, Xs;92.61 + 0.54*S_2802 + 0.12*H_2802 + 0.7*X2 + 0.22*X3 + 0.15*Xs;Ridge_GridSearchCV;0.5645165805305525;0.8254217287581496;81.08108108
S_2802, H_2802, X2, X3, Xs;118.92 + 0.49*S_2802 + 0.02*H_2802 + 0.56*X2 + 0.2*X3 + 0.11*Xs;Lasso_GridSearchCV;0.5842539867662426;0.8115708711799303;83.78378378
