Predictors;Equations;Method;Criterion;Correlation;Pm
Smax, X, X1, X3;103.11 + 0.48*Smax + 0.29*X + 0.18*X1 + 0.19*X3;LinearRegression;0.6488469747275339;0.7609189203764924;75.67567568
Smax, X, X1, X3;104.88 + 0.48*Smax + 0.28*X + 0.17*X1 + 0.19*X3;Ridge_GridSearchCV;0.648963268900654;0.7608197392403653;75.67567568
Smax, X, X3;132.63 + 0.43*Smax + 0.19*X + 0.13*X3;Lasso_GridSearchCV;0.6698880863237332;0.7424620877873338;70.27027027
