Predictors;Equations;Method;Criterion;Correlation;Pm
Smax, H_2802, X, X1, X3;114.76 + 0.48*Smax - 0.17*H_2802 + 0.29*X + 0.24*X1 + 0.22*X3;LinearRegression;0.6341408563987989;0.7732175465196053;78.37837838
Smax, H_2802, X, X1, X3;114.76 + 0.48*Smax - 0.17*H_2802 + 0.29*X + 0.24*X1 + 0.22*X3;Lasso_GridSearchCV;0.6341408563988382;0.773217546519573;78.37837838
Smax, H_2802, X, X1, X3;116.38 + 0.47*Smax - 0.16*H_2802 + 0.29*X + 0.22*X1 + 0.22*X3;Ridge_GridSearchCV;0.6343129982217844;0.7730763353556299;78.37837838
