Predictors;Equations;Method;Criterion;Correlation;Pm;R2;Criterion_t;Correlation_t;Pm_t;R2_t;Group;Augmentation;Data size;Normalization;Equations
S_2802, Smax, H_2802, X, X1, X2, X3, Xs;38.534 + 1.659*S_2802 + 0.243*Smax + 0.129*H_2802 - 0.55*X - 0.537*X1 + 1.706*X2 + 0.316*X3 + 0.943*Xs;BayesianRidge;0.7331447983985322;0.6800725730252438;64.86486486486487;0.4624987045811757;0.6782794920436571;0.7348040083403182;76.66666666666667;0.5399369306729983;0;Spline 2;1000;none;38.534 + 1.659*S_2802 + 0.243*Smax + 0.129*H_2802 - 0.55*X - 0.537*X1 + 1.706*X2 + 0.316*X3 + 0.943*Xs
S_2802, Smax, H_2802, X, X1, X2, X3, Xs;38.535 + 1.659*S_2802 + 0.243*Smax + 0.129*H_2802 - 0.55*X - 0.537*X1 + 1.706*X2 + 0.316*X3 + 0.944*Xs;BayesianRidgeCV;0.7331484355564608;0.6800686520058942;64.86486486486487;0.462493371441114;0.678281951274545;0.7348017382772007;76.66666666666667;0.5399335945751956;0;Spline 2;1000;none;38.535 + 1.659*S_2802 + 0.243*Smax + 0.129*H_2802 - 0.55*X - 0.537*X1 + 1.706*X2 + 0.316*X3 + 0.944*Xs
S_2802, Smax, H_2802, X, X1, X2, X3, Xs;42.295 + 1.69*S_2802 + 0.181*Smax + 0.132*H_2802 - 0.91*X - 0.933*X1 + 2.08*X2 + 0.303*X3 + 1.316*Xs;LinearRegression;0.7802832077370717;0.6254263471613151;62.16216216216216;0.39115811572354564;0.7085752409709593;0.7056352654756897;70.0;0.49792112788294696;0;Spline 2;1000;none;42.295 + 1.69*S_2802 + 0.181*Smax + 0.132*H_2802 - 0.91*X - 0.933*X1 + 2.08*X2 + 0.303*X3 + 1.316*Xs
