Predictors;Equations;Method;Criterion;Correlation;Pm
s_2802, s_max, h, x, x1, x2, x3, x4, xs;0.6*s_2802 + 1.17*s_max + 0.5*h - 0.88*x - 0.85*x1 + 2.55*x2 + 20.49*x3 - 67.53*x4 + 1.04*xs;LinearRegression;0.520267491780996;0.8540033588902981;85.7
s_2802, s_max, h, x1, x2, x3;1.88*s_2802 + 0.13*s_max + 0.12*h + 0.05*x1 + 0.4*x2 + 0.23*x3;LarsCV;0.6036857955777507;0.7972223405159053;80.0
