Predictors;Equations;Method;Criterion;Correlation;Pm
s_2802, s_max, h, x, x1, x2, x3, x4, xs;0.98*s_2802 + 0.31*s_max + 0.53*h + 1.61*x + 1.44*x1 - 0.24*x2 - 3.43*x3 + 12.16*x4 - 1.2*xs;LinearRegression;0.5113507065230618;0.8593721283229783;75.7
s_2802, h, x, x2, x3;1.12*s_2802 + 0.3*h + 0.27*x + 0.51*x2 + 0.15*x3;LarsCV;0.5690438654671941;0.8223071683830525;78.4
