Predictors;Equations;Method;Criterion;Correlation;Pm
s_2802, s_max, h, x, x2, x3, xs;0.72*s_2802 + 0.33*s_max + 0.33*h + 0.3*x + 1.4*x2 + 0.19*x3 + 0.2*xs;LarsCV;0.6068298892218587;0.7948317341091677;70.0
s_2802, s_max, h, x, x1, x2, x3, x4, xs;0.56*s_2802 + 0.55*s_max + 0.42*h - 0.16*x - 0.54*x1 + 2.38*x2 + 4.45*x3 - 13.74*x4 + 0.78*xs;LinearRegression;0.6863145104908928;0.7273048828996312;70.0
