Predictors;Equations;Method;Criterion;Correlation;Pm
s_2802, s_max, h, x, x1, x2, x3, x4, xs;0.6*s_2802 + 1.17*s_max + 0.5*h - 0.88*x - 0.85*x1 + 2.55*x2 + 20.49*x3 - 67.53*x4 + 1.04*xs;LinearRegression;0.5208411975935033;0.8536535871706773;85.7
s_2802, s_max, h, x1, x2, x3;1.88*s_2802 + 0.13*s_max + 0.12*h + 0.05*x1 + 0.4*x2 + 0.23*x3;LarsCV;0.6034002918129041;0.7974384539512138;80.0
