Predictors;Equations;Method;Criterion;Correlation;Pm
s_2802, s_max, h, x1, x2, xs;1.34*s_2802 + 0.64*s_max + 0.13*h + 0.25*x1 + 0.91*x2 + 0.22*xs;LarsCV;0.5840431543995538;0.8117226088997516;70.0
s_2802, s_max, h, x, x1, x2, x3, x4, xs;0.43*s_2802 + 1.32*s_max + 0.66*h + 0.66*x + 1.15*x1 + 1.65*x2 + 18.52*x3 - 62.65*x4 + 0.07*xs;LinearRegression;0.8808723516082738;0.4733538847121777;60.0
