Predictors;Equations;Method;Criterion;Correlation;Pm;R2;R2_t;Prediction
;;OMP7;0.3887653910613289;0.9213367846303175;90.0;0.8488614707129319;0.8235339018679704;268.6813747174323
