Predictors;Equations;Method;Criterion;Correlation;Pm;R2;R2_t;Prediction
;;KNeighborsRegressor;0.3671069585307082;0.9301787360493321;90.0;0.8652324880384343;0.8768324211022268;221.709982679206
;;AdaBoostRegressor;0.4006481182231699;0.9162320041148054;90.0;0.8394810937495578;0.8637288684941304;222.9468665780908
;;BaggingRegressor;0.48275417502783385;0.8757559057712346;83.33333333333334;0.7669484186675448;0.7552798531932796;227.92800351485957
;;ExtraTreesRegressor;0.5012297373808994;0.8653142494868986;86.66666666666667;0.7487687634891085;0.7351025103700661;223.9124590661806
;;VotingRegressor;0.5045048684274828;0.8634088473793677;83.33333333333334;0.7454748510290723;0.7128196105781175;232.7941139261709
;;StackingRegressorRidge;0.5050760925516992;0.8630748175753405;86.66666666666667;0.7448981540589374;0.7477702062491598;217.35454875979238
;;HistGradientBoostingRegressor;0.5888032097240369;0.8082764256234818;83.33333333333334;0.6533107983293209;0.6588066074772849;247.75239819426685
;;RandomForestRegressor;0.5910077195104348;0.8066659007786775;80.0;0.6507098937255927;0.5226126119029023;243.02200649155083
