Predictors;Equations;Method;Criterion;Correlation;Pm;R2;R2_t;Prediction
;;ARDRegression;1.7339971325033532;0;33.33333333333333;-2.00674605552985;-1.1791500589237365;489.21665854124035
