Predictors;Equations;Method;Criterion;Correlation;Pm
;;KNeighborsRegressor;0.374099482931582;0.9273885792214194;91.8918918918919
S_2802, H_2802, X2, X3, Xs;90.96 + 0.548*S_2802 + 0.165*H_2802 + 0.788*X2 + 0.188*X3 + 0.14*Xs;Lars6;0.745158631411628;0.6668872573627042;59.45945945945946
