Predictors;Equations;Method;Criterion;Correlation;Pm
;;BaggingRegressor;0.3673843415958526;0.9300692154620439;94.5945945945946
;;StackingRegressorRidge;0.4166523302214394;0.90906591384841;89.1891891891892
;;ExtraTreesRegressor;0.41979201826901735;0.9076203288807634;94.5945945945946
;;VotingRegressor;0.4495195263889309;0.8932705051635095;89.1891891891892
;;HistGradientBoostingRegressor;0.4654576898436696;0.885070132229867;86.48648648648648
;;RandomForestRegressor;0.5321170465665813;0.8466708030594056;83.78378378378379
;;AdaBoostRegressor;0.5353068256725493;0.8446576835549292;81.08108108108108
