Predictors;Equations;Method;Criterion;Correlation;Pm
Smax, H, X, X1, X3; - 36.79 + 1.71*Smax + 0.98*H + 0.5*X + 0.87*X1 - 0.05*X3;LinearRegression;0.65423380104589;0.7562923598510346;75.67567568
Smax, H, X, X1, X3; - 28.5 + 1.65*Smax + 0.95*H + 0.49*X + 0.8*X1 - 0.04*X3;Ridge_GridSearchCV;0.6546930056011205;0.7558948792107083;75.67567568
Smax, H, X;80.14 + 1.35*Smax + 0.66*H + 0.14*X;Lasso_GridSearchCV;0.7053504560978086;0.7088587546772723;72.97297297
