Predictors;Equations;Method;Criterion;Correlation;Pm;R2
;;KNeighborsRegressor;0.430269493770189;0.9027004834000839;91.8918918918919;0.8148681627307452
Smax, H_2802, X, X1, X3;33.587 + 2.048*Smax - 0.057*H_2802 + 0.45*X + 0.778*X1 + 0.309*X3;Ridge;0.7497442032846953;0.6617277609719858;67.56756756756756;0.4378836296409975
Smax, H_2802, X, X1, X3;33.238 + 2.051*Smax - 0.057*H_2802 + 0.45*X + 0.781*X1 + 0.309*X3;RidgeCV;0.7498892186239728;0.6615634208384918;67.56756756756756;0.43766615979152745
Smax, H_2802, X, X1, X3;33.234 + 2.051*Smax - 0.057*H_2802 + 0.45*X + 0.781*X1 + 0.309*X3;LinearRegression;0.7498906945948767;0.6615617478059121;67.56756756756756;0.4376639461600136
;;MLPRegressor;0.761516705236836;0.6481452828226353;67.56756756756756;0.42009230764523386
;;NuSVR;0.7764843781603364;0.630136501460561;70.27027027027027;0.3970720104729555
Smax, X;163.652 + 1.491*Smax + 0.034*X;LassoCV;0.7768622999785724;0.629670522473462;70.27027027027027;0.39648496687200263
Smax, X;163.85 + 1.488*Smax + 0.033*X;LassoLarsCV;0.7770835118160709;0.6293975021110287;70.27027027027027;0.3961412156636023
;;SVR;0.7828160452482159;0.6222531954935573;70.27027027027027;0.3871990393019432
