Predictors;Equations;Method;Criterion;Correlation;Pm
Smax, H_2802, X, X1, X3;245.351 + 57.055*Smax + 5.184*H_2802 + 20.166*X + 14.526*X1 + 17.991*X3;PLSRegression2;7.428225931384431;0;1589.1891891891892
Smax, H_2802, X, X1, X3;245.351 + 59.486*Smax + 0.255*H_2802 + 19.651*X + 20.254*X1 + 14.525*X3;PLSRegression3;7.449792492109277;0;1600.0
Smax, H_2802, X, X1, X3;245.351 + 57.868*Smax - 0.488*H_2802 + 23.039*X + 22.415*X1 + 15.094*X3;PLSRegression4;7.452191818523244;0;1600.0
Smax, H_2802, X, X1, X3;245.351 + 57.833*Smax - 0.769*H_2802 + 23.002*X + 22.369*X1 + 15.373*X3;PLSRegression5;7.4522163291352115;0;1602.7027027027027
