Predictors;Equations;Method;Criterion;Correlation;Pm
Smax, H_2802, X, X1, X3;10.94 + 1.95*Smax - 0.02*H_2802 + 0.53*X + 0.89*X1 + 0.38*X3;LinearRegression;0.7064274753573385;0.7077854350438817;75.67567568
Smax, H_2802, X, X1, X3;19.4 + 1.88*Smax - 0.02*H_2802 + 0.52*X + 0.82*X1 + 0.37*X3;Ridge_GridSearchCV;0.7069099544247978;0.7073035531758132;72.97297297
Smax, X, X3;149.68 + 1.41*Smax + 0.12*X + 0.08*X3;Lasso_GridSearchCV;0.769907879917153;0.6381550410687631;75.67567568
